"","Date","mean","min","max","median","sd"
"1",2015-07-10,67.8666666666667,46.4,90.2,67,21.912857717179
"2",2015-07-11,78.8125,58.4,97.9,79.6,8.75647379561735
"3",2015-07-12,70.41,34.5,96.9,74.7,19.5801161224448
"4",2015-07-13,65.0913043478261,42.1,96.5,58.8,17.5648127864018
"5",2015-07-14,54.5916666666667,32.4,86.3,53,13.7191366399248
"6",2015-07-15,61.64,35.3,100,59.3,14.7765553575688
"7",2015-07-16,52.45,24.4,83.8,49.15,13.3778815320556
"8",2015-07-17,51.4352941176471,26.5,75.3,50.25,12.1497694791186
"9",2015-07-18,50.6611111111111,27.5,87.4,50.2,13.5668772652427
"10",2015-07-19,50.2666666666667,30.4,77.9,49.5,13.2009523465977
"11",2015-07-20,57.6277777777778,25.7,95.8,58.75,16.7348159085203
"12",2015-07-21,60.0823529411765,27.3,96.1,56.4,16.6100457115062
"13",2015-07-22,64.5060606060606,30.1,92.8,61.9,18.0008669824876
"14",2015-07-23,58.8194444444444,22.4,92.9,57.9,20.7808265949229
"15",2015-07-24,46.7777777777778,19.7,81.6,44.65,14.5161016236869
"16",2015-07-25,57.3861111111111,18.9,96.4,55.85,21.0031991138463
"17",2015-07-26,62.7388888888889,16.4,96.1,63.9,20.8207901287944
"18",2015-07-27,65.1142857142857,21.9,98.8,64.3,22.1835278430421
"19",2015-07-28,57.0257142857143,27.8,96,53.3,19.1783938304532
"20",2015-07-29,55.8361111111111,16.9,98.7,53.15,18.309063372748
"21",2015-07-30,39.9194444444444,17.8,96,37.55,16.9216483399131
"22",2015-07-31,49.7971428571429,21,84.6,50.8,19.66358960878
"23",2015-08-01,43.2971428571429,18.1,85.9,44.9,16.4938221182122
"24",2015-08-02,35.6861111111111,14.5,78.1,33.45,14.7659676820485
"25",2015-08-03,43.2,15.6,73.4,45.1,15.7605613516032
"26",2015-08-04,48.3794117647059,16.5,85.8,45.85,17.9627186207866
"27",2015-08-05,57.0545454545455,21.7,99,56.6,21.4610124835289
"28",2015-08-06,59.6515151515151,21.4,99,57.3,21.302686468086
"29",2015-08-07,55.8514285714286,9.9,98.2,57.9,24.3272586331679
"30",2015-08-08,59.1055555555556,16.7,91.2,58.7,21.2790969792886
"31",2015-08-09,60.5771428571429,20.4,96.9,63.1,21.5995790497419
"32",2015-08-10,58.2942857142857,19.5,99.9,56.6,20.9315262204161
"33",2015-08-11,64.5088235294118,20.1,93.7,66.85,20.2914427052101
"34",2015-08-12,63.4638888888889,16.8,99.3,62.7,20.0209911668126
"35",2015-08-13,72.0114285714286,32.8,96.1,77,18.2326754422249
"36",2015-08-14,68.2628571428571,20.7,99.1,72.4,21.4258239695259
"37",2015-08-15,48.9055555555556,12.6,80.4,48,17.5261265290169
"38",2015-08-16,46.8314285714286,13,74.8,49.5,14.5173683287735
"39",2015-08-17,48.4972222222222,17.5,84.1,51.8,18.1523943499176
"40",2015-08-18,54.9916666666667,12.2,87.6,59.05,19.7206255333996
"41",2015-08-19,51.2571428571429,12.9,94.3,52,17.3277452746317
"42",2015-08-20,50.4138888888889,14.4,97.7,50.2,18.8758220676653
"43",2015-08-21,45.3285714285714,11.7,97.8,43.3,17.5805803864005
"44",2015-08-22,44.8914285714286,17.4,77.7,42.7,14.0202662437708
"45",2015-08-23,40.74,15,71.3,40.4,13.8518038748834
"46",2015-08-24,39.6277777777778,14.2,78.8,39.75,13.5535891105558
"47",2015-08-25,45.9,13.7,83,42.55,17.7666943625264
"48",2015-08-26,49.1705882352941,12.5,91.8,48.95,18.2877924080148
"49",2015-08-27,48.1833333333333,14.3,91.7,45.75,19.6225744633936
"50",2015-08-28,51.6416666666667,16.6,85.2,55,16.3778661613777
"51",2015-08-29,51.9114285714286,19.7,87.9,49.3,17.5349360761104
"52",2015-08-30,42.2805555555556,9.7,84.6,42.5,16.9609100066585
"53",2015-08-31,41.0055555555556,9.2,87.7,43.45,16.6145709620793
"54",2015-09-01,43.15,14.6,70.3,42.05,13.6848717307001
"55",2015-09-02,44.4916666666667,11.9,88.4,43.2,17.1733410510926
"56",2015-09-03,53.6055555555556,17,85.2,54.6,17.8623137910029
"57",2015-09-04,42.9885714285714,12.3,83.4,40.3,18.5142357219991
"58",2015-09-05,38.5742857142857,9.6,73.3,37.2,13.2052205108243
"59",2015-09-06,35.9916666666667,12.6,59.8,36.4,12.8236695216307
"60",2015-09-07,35.4647058823529,8.1,64.4,35.05,13.1725353016991
"61",2015-09-08,33.0941176470588,11,62.2,32.35,13.1368309719559
"62",2015-09-09,33.7242424242424,11.3,85.4,30.9,14.9330805241047
"63",2015-09-10,37.4625,17.8,74.7,35.4,14.5562036436747
"64",2015-09-11,41.6181818181818,16.2,85.8,38.9,16.6640604022822
"65",2015-09-12,38.2352941176471,14.4,74.8,36.1,15.2945797955679
"66",2015-09-13,42.865625,24.1,75.2,37.25,13.9584084815823
"67",2015-09-14,33.453125,19,73.6,30.25,12.4500546539803
"68",2015-09-15,40.1193548387097,20.1,83.4,39,15.9821654635167
"69",2015-09-16,31.430303030303,9.7,72.1,26.1,16.3414634604831
"70",2015-09-17,27.8233333333333,8.9,50.1,28.85,10.6873332480101
"71",2015-09-18,29.3333333333333,9.1,47,30.05,10.4065739611649
"72",2015-09-19,39.7032258064516,13.3,66.8,38.4,12.9988841539307
"73",2015-09-20,26.3344827586207,10,56,23.4,11.4520514650704
"74",2015-09-21,35.2933333333333,19.4,59,35.15,10.1271548012172
"75",2015-09-22,39.5178571428571,9.4,90.8,33.5,18.5730799530341
"76",2015-09-23,22.6615384615385,5.8,41.3,22.8,8.74002640376226
"77",2015-09-24,39.444,7.6,76.1,38.3,17.0586996378192
"78",2015-09-25,30.6892857142857,6.5,52.6,29.5,11.8454973250728
"79",2015-09-26,28.632,6.3,58.6,28.5,12.2267370953988
"80",2015-09-27,35.7375,16.9,75.2,30.65,15.7100857247267
"81",2015-09-28,35.4076923076923,15,77.3,30.9,16.7007765825886
"82",2015-09-29,19.8565217391304,12.8,29.9,19.2,4.16367692473814
"83",2015-09-30,30.57,11.4,59.8,26.6,13.9189042218431
"84",2015-10-01,37.3478260869565,10.8,71.6,34.1,19.8484684448131
"85",2015-10-02,36.2409090909091,9.3,79.9,38.55,18.9524884429939
"86",2015-10-03,41.0416666666667,8.1,89.1,35.2,24.1186184020393
"87",2015-10-04,39.4526315789474,6.1,96.4,29.9,29.8582273869374
"88",2015-10-05,31.315,8.7,66.3,27.5,17.7049286923162
"89",2015-10-06,30.9785714285714,12.2,60.7,29.35,15.4762437587136
"90",2015-10-07,27.9,11.4,55.9,23.45,14.1162401259726
"91",2015-10-08,28.725,9.8,60.4,28.5,13.9500776580873
"92",2015-10-09,28.2529411764706,4.9,67.4,21.9,19.5447920699818
"93",2015-10-10,40.7857142857143,9.2,85.4,38.4,23.5359906768943
"94",2015-10-11,25.6,14.2,51.4,20.9,11.7839933808535
"95",2015-10-12,30.6,11.4,88.4,19.5,24.4010109080205
"96",2015-10-13,23.0833333333333,10,38.7,22.45,7.04291467070442
"97",2015-10-14,29.9153846153846,14.9,56.4,26.3,13.4423984810404
"98",2015-10-15,30.75,4.6,85.1,18.65,27.8703523203697
"99",2015-10-16,38.7666666666667,5.6,89.5,22.35,35.2993261159816
"100",2015-10-17,34.95,6.9,88.9,24.4,28.6036075283584
"101",2015-10-18,23.7615384615385,7.4,47.7,23.6,13.8467528360466
"102",2015-10-19,24.7538461538462,11.2,67.3,20.1,15.5776343617281
"103",2015-10-20,29.6,8,71.6,23.1,21.299656913091
"104",2015-10-21,22.45,9.9,35.3,25.2,9.79957482070863
"105",2015-10-22,23.475,10.3,44.5,22.8,9.34491840520826
"106",2015-10-23,22.1,8.9,41.5,19.1,10.9419376711805
"107",2015-10-24,28.6272727272727,7.1,75.7,19.3,22.7310840440614
"108",2015-10-25,18.8666666666667,6.1,44.4,14.2,14.5502577296761
"109",2015-10-26,36.79,7.2,80,22.2,30.549539003614
"110",2015-10-27,28.4692307692308,5.6,70.2,29.4,19.8755454690509
"111",2015-10-28,30.87,7.2,72,29,22.4915811410008
"112",2015-10-29,38.41,9.6,79.2,22.65,28.4329796773629
"113",2015-10-30,30.31,9.3,68.5,30.75,20.5540723188591
"114",2015-10-31,22.3272727272727,7.6,49.4,21.9,13.5229501891481
